{"data":{"allArticleCategory":{"nodes":[{"id":"cd20e9ba-0953-55bf-99a6-0095df35a970","name":"Basic C Programming","slug":"/category/basic-c-programming/","color":"#2965F1","icon":"/static/580ee73ec52221383f3da4f5dad0af3d/c.svg"},{"id":"bf13ea62-c437-535f-b475-5e20aea2f70e","name":"Cplusplus Programming","slug":"/category/cplusplus-programming/","color":"#663399","icon":"/static/a8b8d3d30642c89d56aa7c8ecf0da54a/cplusplus.svg"},{"id":"77e61558-2ee9-5ca9-8599-dbc295c92d0d","name":"Programming Exercise","slug":"/category/programming-exercise/","color":"#2965F1","icon":"/static/580ee73ec52221383f3da4f5dad0af3d/c.svg"},{"id":"b17ede32-f313-548d-950d-981052efbfae","name":"Programming Exercise","slug":"/category/programming-exercise/","color":"#4299e1","icon":"/static/d8cf77403db1c802576acc37627ff00b/react.svg"},{"id":"4f0d2a11-70bf-5609-bbc4-bc43dbbc8331","name":"Java","slug":"/category/java/","color":"#ecc94b","icon":"/static/fa3cbb7b0423f7a4df2e1a210fc83b8e/java.svg"}]}}}