{"data":{"banner":{"childImageSharp":{"gatsbyImageData":{"layout":"constrained","backgroundColor":"#f8f8f8","images":{"fallback":{"src":"/static/6e0663176cc16eca2ff48b540ecdb50d/6c522/sponsor.jpg","srcSet":"/static/6e0663176cc16eca2ff48b540ecdb50d/8fcf4/sponsor.jpg 86w,\n/static/6e0663176cc16eca2ff48b540ecdb50d/5b38f/sponsor.jpg 171w,\n/static/6e0663176cc16eca2ff48b540ecdb50d/6c522/sponsor.jpg 342w","sizes":"(min-width: 342px) 342px, 100vw"},"sources":[{"srcSet":"/static/6e0663176cc16eca2ff48b540ecdb50d/6e277/sponsor.webp 86w,\n/static/6e0663176cc16eca2ff48b540ecdb50d/1ad96/sponsor.webp 171w,\n/static/6e0663176cc16eca2ff48b540ecdb50d/e7760/sponsor.webp 342w","type":"image/webp","sizes":"(min-width: 342px) 342px, 100vw"}]},"width":342,"height":260}}}}}