{"namedChunkGroups":{"polyfill":{"name":"polyfill","assets":[{"name":"webpack-runtime-490ea23659f491bcf1a5.js","size":7062},{"name":"polyfill-e74b9c75510181e28986.js","size":82701}],"filteredAssets":0,"assetsSize":89763,"filteredAuxiliaryAssets":2,"auxiliaryAssetsSize":226362},"app":{"name":"app","assets":[{"name":"webpack-runtime-490ea23659f491bcf1a5.js","size":7062},{"name":"framework-6b84fddb5dd7048e75ee.js","size":129033},{"name":"app-2cd11457618cfcac1f97.js","size":117126}],"filteredAssets":0,"assetsSize":253221,"filteredAuxiliaryAssets":3,"auxiliaryAssetsSize":840299},"component---packages-blog-gatsby-blog-core-src-templates-collection-author-js":{"name":"component---packages-blog-gatsby-blog-core-src-templates-collection-author-js","assets":[{"name":"styles.8ded5273f9e359b6d53b.css","size":6657},{"name":"fa5f8105-db8ff47e574750be39cd.js","size":14072},{"name":"commons-66bbbc1019a408b88c4b.js","size":148393},{"name":"586fb84872d6e3efeb9c8e16563f8f61a396a67c-2202b0ffcf5473de20da.js","size":39591},{"name":"component---packages-blog-gatsby-blog-core-src-templates-collection-author-js-296f85c93b34c5e58903.js","size":12085}],"filteredAssets":0,"assetsSize":220798,"filteredAuxiliaryAssets":4,"auxiliaryAssetsSize":2066142},"component---packages-blog-gatsby-blog-core-src-templates-collection-category-js":{"name":"component---packages-blog-gatsby-blog-core-src-templates-collection-category-js","assets":[{"name":"styles.8ded5273f9e359b6d53b.css","size":6657},{"name":"fa5f8105-db8ff47e574750be39cd.js","size":14072},{"name":"commons-66bbbc1019a408b88c4b.js","size":148393},{"name":"586fb84872d6e3efeb9c8e16563f8f61a396a67c-2202b0ffcf5473de20da.js","size":39591},{"name":"component---packages-blog-gatsby-blog-core-src-templates-collection-category-js-c5d6bc8419afd7fb9a51.js","size":8142}],"filteredAssets":0,"assetsSize":216855,"filteredAuxiliaryAssets":4,"auxiliaryAssetsSize":2055399},"component---packages-blog-gatsby-blog-core-src-templates-collection-tag-js":{"name":"component---packages-blog-gatsby-blog-core-src-templates-collection-tag-js","assets":[{"name":"styles.8ded5273f9e359b6d53b.css","size":6657},{"name":"fa5f8105-db8ff47e574750be39cd.js","size":14072},{"name":"commons-66bbbc1019a408b88c4b.js","size":148393},{"name":"586fb84872d6e3efeb9c8e16563f8f61a396a67c-2202b0ffcf5473de20da.js","size":39591},{"name":"component---packages-blog-gatsby-blog-core-src-templates-collection-tag-js-66a24e37e6b17790cd5d.js","size":8138}],"filteredAssets":0,"assetsSize":216851,"filteredAuxiliaryAssets":4,"auxiliaryAssetsSize":2055369},"component---packages-blog-gatsby-blog-core-src-templates-post-js":{"name":"component---packages-blog-gatsby-blog-core-src-templates-post-js","assets":[{"name":"styles.8ded5273f9e359b6d53b.css","size":6657},{"name":"fa5f8105-db8ff47e574750be39cd.js","size":14072},{"name":"commons-66bbbc1019a408b88c4b.js","size":148393},{"name":"586fb84872d6e3efeb9c8e16563f8f61a396a67c-2202b0ffcf5473de20da.js","size":39591},{"name":"51c6a129561072cdca8b6b2f5e9f47ba0105f6ae-6a52a94b897fd528c0d4.js","size":19537},{"name":"component---packages-blog-gatsby-blog-core-src-templates-post-js-01d95a26431f32ad347a.js","size":12799}],"filteredAssets":0,"assetsSize":241049,"filteredAuxiliaryAssets":5,"auxiliaryAssetsSize":2154671},"component---packages-blog-gatsby-blog-core-src-templates-posts-js":{"name":"component---packages-blog-gatsby-blog-core-src-templates-posts-js","assets":[{"name":"styles.8ded5273f9e359b6d53b.css","size":6657},{"name":"fa5f8105-db8ff47e574750be39cd.js","size":14072},{"name":"commons-66bbbc1019a408b88c4b.js","size":148393},{"name":"586fb84872d6e3efeb9c8e16563f8f61a396a67c-2202b0ffcf5473de20da.js","size":39591},{"name":"51c6a129561072cdca8b6b2f5e9f47ba0105f6ae-6a52a94b897fd528c0d4.js","size":19537},{"name":"component---packages-blog-gatsby-blog-core-src-templates-posts-js-096e011d7cd4f9e23c54.js","size":4974}],"filteredAssets":0,"assetsSize":233224,"filteredAuxiliaryAssets":5,"auxiliaryAssetsSize":2134445},"component---packages-blog-gatsby-blog-pages-src-pages-404-jsx":{"name":"component---packages-blog-gatsby-blog-pages-src-pages-404-jsx","assets":[{"name":"styles.8ded5273f9e359b6d53b.css","size":6657},{"name":"fa5f8105-db8ff47e574750be39cd.js","size":14072},{"name":"commons-66bbbc1019a408b88c4b.js","size":148393},{"name":"component---packages-blog-gatsby-blog-pages-src-pages-404-jsx-9bb0d73ab0c21b89c6c8.js","size":1309}],"filteredAssets":0,"assetsSize":170431,"filteredAuxiliaryAssets":3,"auxiliaryAssetsSize":1947166},"component---packages-blog-gatsby-blog-pages-src-pages-about-us-jsx":{"name":"component---packages-blog-gatsby-blog-pages-src-pages-about-us-jsx","assets":[{"name":"styles.8ded5273f9e359b6d53b.css","size":6657},{"name":"fa5f8105-db8ff47e574750be39cd.js","size":14072},{"name":"commons-66bbbc1019a408b88c4b.js","size":148393},{"name":"component---packages-blog-gatsby-blog-pages-src-pages-about-us-jsx-bf2fda04040f27f72889.js","size":1793}],"filteredAssets":0,"assetsSize":170915,"filteredAuxiliaryAssets":3,"auxiliaryAssetsSize":1947692},"component---packages-blog-gatsby-blog-pages-src-pages-authors-jsx":{"name":"component---packages-blog-gatsby-blog-pages-src-pages-authors-jsx","assets":[{"name":"styles.8ded5273f9e359b6d53b.css","size":6657},{"name":"fa5f8105-db8ff47e574750be39cd.js","size":14072},{"name":"commons-66bbbc1019a408b88c4b.js","size":148393},{"name":"component---packages-blog-gatsby-blog-pages-src-pages-authors-jsx-73dc82fad2243b1225b5.js","size":16026}],"filteredAssets":0,"assetsSize":185148,"filteredAuxiliaryAssets":3,"auxiliaryAssetsSize":1961306},"component---packages-blog-gatsby-blog-pages-src-pages-contact-jsx":{"name":"component---packages-blog-gatsby-blog-pages-src-pages-contact-jsx","assets":[{"name":"styles.8ded5273f9e359b6d53b.css","size":6657},{"name":"fa5f8105-db8ff47e574750be39cd.js","size":14072},{"name":"commons-66bbbc1019a408b88c4b.js","size":148393},{"name":"component---packages-blog-gatsby-blog-pages-src-pages-contact-jsx-1c1c1ac8a67298777bbc.js","size":14998}],"filteredAssets":0,"assetsSize":184120,"filteredAuxiliaryAssets":3,"auxiliaryAssetsSize":2008068},"component---packages-blog-gatsby-blog-pages-src-pages-disclaimer-jsx":{"name":"component---packages-blog-gatsby-blog-pages-src-pages-disclaimer-jsx","assets":[{"name":"styles.8ded5273f9e359b6d53b.css","size":6657},{"name":"fa5f8105-db8ff47e574750be39cd.js","size":14072},{"name":"commons-66bbbc1019a408b88c4b.js","size":148393},{"name":"component---packages-blog-gatsby-blog-pages-src-pages-disclaimer-jsx-4668ba0b14e598dd8b5d.js","size":4432}],"filteredAssets":0,"assetsSize":173554,"filteredAuxiliaryAssets":3,"auxiliaryAssetsSize":1950282},"component---packages-blog-gatsby-blog-pages-src-pages-privacy-policy-jsx":{"name":"component---packages-blog-gatsby-blog-pages-src-pages-privacy-policy-jsx","assets":[{"name":"styles.8ded5273f9e359b6d53b.css","size":6657},{"name":"fa5f8105-db8ff47e574750be39cd.js","size":14072},{"name":"commons-66bbbc1019a408b88c4b.js","size":148393},{"name":"component---packages-blog-gatsby-blog-pages-src-pages-privacy-policy-jsx-956239c337408862e081.js","size":24588}],"filteredAssets":0,"assetsSize":193710,"filteredAuxiliaryAssets":3,"auxiliaryAssetsSize":1970621},"component---packages-blog-gatsby-blog-pages-src-pages-terms-and-conditions-jsx":{"name":"component---packages-blog-gatsby-blog-pages-src-pages-terms-and-conditions-jsx","assets":[{"name":"styles.8ded5273f9e359b6d53b.css","size":6657},{"name":"fa5f8105-db8ff47e574750be39cd.js","size":14072},{"name":"commons-66bbbc1019a408b88c4b.js","size":148393},{"name":"component---packages-blog-gatsby-blog-pages-src-pages-terms-and-conditions-jsx-f4432bd78e49f40540cf.js","size":20185}],"filteredAssets":0,"assetsSize":189307,"filteredAuxiliaryAssets":3,"auxiliaryAssetsSize":1966207},"react-slick":{"name":"react-slick","assets":[{"name":"react-slick-8e89e453bae47f3740b0.js","size":61415}],"filteredAssets":0,"assetsSize":61415,"filteredAuxiliaryAssets":1,"auxiliaryAssetsSize":251865}},"assetsByChunkName":{"polyfill":["webpack-runtime-490ea23659f491bcf1a5.js","polyfill-e74b9c75510181e28986.js"],"app":["webpack-runtime-490ea23659f491bcf1a5.js","framework-6b84fddb5dd7048e75ee.js","app-2cd11457618cfcac1f97.js"],"component---packages-blog-gatsby-blog-core-src-templates-collection-author-js":["styles.8ded5273f9e359b6d53b.css","fa5f8105-db8ff47e574750be39cd.js","commons-66bbbc1019a408b88c4b.js","586fb84872d6e3efeb9c8e16563f8f61a396a67c-2202b0ffcf5473de20da.js","component---packages-blog-gatsby-blog-core-src-templates-collection-author-js-296f85c93b34c5e58903.js"],"component---packages-blog-gatsby-blog-core-src-templates-collection-category-js":["styles.8ded5273f9e359b6d53b.css","fa5f8105-db8ff47e574750be39cd.js","commons-66bbbc1019a408b88c4b.js","586fb84872d6e3efeb9c8e16563f8f61a396a67c-2202b0ffcf5473de20da.js","component---packages-blog-gatsby-blog-core-src-templates-collection-category-js-c5d6bc8419afd7fb9a51.js"],"component---packages-blog-gatsby-blog-core-src-templates-collection-tag-js":["styles.8ded5273f9e359b6d53b.css","fa5f8105-db8ff47e574750be39cd.js","commons-66bbbc1019a408b88c4b.js","586fb84872d6e3efeb9c8e16563f8f61a396a67c-2202b0ffcf5473de20da.js","component---packages-blog-gatsby-blog-core-src-templates-collection-tag-js-66a24e37e6b17790cd5d.js"],"component---packages-blog-gatsby-blog-core-src-templates-post-js":["styles.8ded5273f9e359b6d53b.css","fa5f8105-db8ff47e574750be39cd.js","commons-66bbbc1019a408b88c4b.js","586fb84872d6e3efeb9c8e16563f8f61a396a67c-2202b0ffcf5473de20da.js","51c6a129561072cdca8b6b2f5e9f47ba0105f6ae-6a52a94b897fd528c0d4.js","component---packages-blog-gatsby-blog-core-src-templates-post-js-01d95a26431f32ad347a.js"],"component---packages-blog-gatsby-blog-core-src-templates-posts-js":["styles.8ded5273f9e359b6d53b.css","fa5f8105-db8ff47e574750be39cd.js","commons-66bbbc1019a408b88c4b.js","586fb84872d6e3efeb9c8e16563f8f61a396a67c-2202b0ffcf5473de20da.js","51c6a129561072cdca8b6b2f5e9f47ba0105f6ae-6a52a94b897fd528c0d4.js","component---packages-blog-gatsby-blog-core-src-templates-posts-js-096e011d7cd4f9e23c54.js"],"component---packages-blog-gatsby-blog-pages-src-pages-404-jsx":["styles.8ded5273f9e359b6d53b.css","fa5f8105-db8ff47e574750be39cd.js","commons-66bbbc1019a408b88c4b.js","component---packages-blog-gatsby-blog-pages-src-pages-404-jsx-9bb0d73ab0c21b89c6c8.js"],"component---packages-blog-gatsby-blog-pages-src-pages-about-us-jsx":["styles.8ded5273f9e359b6d53b.css","fa5f8105-db8ff47e574750be39cd.js","commons-66bbbc1019a408b88c4b.js","component---packages-blog-gatsby-blog-pages-src-pages-about-us-jsx-bf2fda04040f27f72889.js"],"component---packages-blog-gatsby-blog-pages-src-pages-authors-jsx":["styles.8ded5273f9e359b6d53b.css","fa5f8105-db8ff47e574750be39cd.js","commons-66bbbc1019a408b88c4b.js","component---packages-blog-gatsby-blog-pages-src-pages-authors-jsx-73dc82fad2243b1225b5.js"],"component---packages-blog-gatsby-blog-pages-src-pages-contact-jsx":["styles.8ded5273f9e359b6d53b.css","fa5f8105-db8ff47e574750be39cd.js","commons-66bbbc1019a408b88c4b.js","component---packages-blog-gatsby-blog-pages-src-pages-contact-jsx-1c1c1ac8a67298777bbc.js"],"component---packages-blog-gatsby-blog-pages-src-pages-disclaimer-jsx":["styles.8ded5273f9e359b6d53b.css","fa5f8105-db8ff47e574750be39cd.js","commons-66bbbc1019a408b88c4b.js","component---packages-blog-gatsby-blog-pages-src-pages-disclaimer-jsx-4668ba0b14e598dd8b5d.js"],"component---packages-blog-gatsby-blog-pages-src-pages-privacy-policy-jsx":["styles.8ded5273f9e359b6d53b.css","fa5f8105-db8ff47e574750be39cd.js","commons-66bbbc1019a408b88c4b.js","component---packages-blog-gatsby-blog-pages-src-pages-privacy-policy-jsx-956239c337408862e081.js"],"component---packages-blog-gatsby-blog-pages-src-pages-terms-and-conditions-jsx":["styles.8ded5273f9e359b6d53b.css","fa5f8105-db8ff47e574750be39cd.js","commons-66bbbc1019a408b88c4b.js","component---packages-blog-gatsby-blog-pages-src-pages-terms-and-conditions-jsx-f4432bd78e49f40540cf.js"],"react-slick":["react-slick-8e89e453bae47f3740b0.js"]},"childAssetsByChunkName":{"component---packages-blog-gatsby-blog-core-src-templates-collection-author-js":{"prefetch":["react-slick-8e89e453bae47f3740b0.js","733-78284917678cea4b6d81.js"]},"component---packages-blog-gatsby-blog-core-src-templates-collection-category-js":{"prefetch":["react-slick-8e89e453bae47f3740b0.js","733-78284917678cea4b6d81.js"]},"component---packages-blog-gatsby-blog-core-src-templates-collection-tag-js":{"prefetch":["react-slick-8e89e453bae47f3740b0.js","733-78284917678cea4b6d81.js"]},"component---packages-blog-gatsby-blog-core-src-templates-post-js":{"prefetch":["react-slick-8e89e453bae47f3740b0.js","722-f460adb516f37fb84367.js","733-78284917678cea4b6d81.js","521-7d365b908e1e0924fe49.js"]},"component---packages-blog-gatsby-blog-core-src-templates-posts-js":{"prefetch":["react-slick-8e89e453bae47f3740b0.js","733-78284917678cea4b6d81.js"]},"component---packages-blog-gatsby-blog-pages-src-pages-404-jsx":{"prefetch":["733-78284917678cea4b6d81.js"]},"component---packages-blog-gatsby-blog-pages-src-pages-about-us-jsx":{"prefetch":["733-78284917678cea4b6d81.js"]},"component---packages-blog-gatsby-blog-pages-src-pages-authors-jsx":{"prefetch":["733-78284917678cea4b6d81.js"]},"component---packages-blog-gatsby-blog-pages-src-pages-contact-jsx":{"prefetch":["733-78284917678cea4b6d81.js"]},"component---packages-blog-gatsby-blog-pages-src-pages-disclaimer-jsx":{"prefetch":["733-78284917678cea4b6d81.js"]},"component---packages-blog-gatsby-blog-pages-src-pages-privacy-policy-jsx":{"prefetch":["733-78284917678cea4b6d81.js"]},"component---packages-blog-gatsby-blog-pages-src-pages-terms-and-conditions-jsx":{"prefetch":["733-78284917678cea4b6d81.js"]}}}