{"data":{"recentPosts":{"nodes":[{"id":"388ce762-a615-5227-8b6c-f4e314ce3229","title":"Introduction to C Programming","slug":"/introduction-to-c-programming/","link":null,"excerpt":"Introduction to C Programming Language C is a general-purpose high level language that was…","timeToRead":3,"featured":null,"thumbnailText":"C Programming Tutorial-1","date":"March 31, 2021","category":{"id":"73bc19ff-ceb3-55f8-ab6a-9733577b86c2","name":"Basic C Tutorial","slug":"/category/basic-c-tutorial/","color":"#2965F1","icon":"/static/580ee73ec52221383f3da4f5dad0af3d/c.svg"},"author":{"id":"c49404e5-e8af-516b-8308-bed2b3045b2a","name":"Anonymous","slug":"/author/anonymous/","title":"Assistant Professor","description":"I am a programmer and I like to do programming. I have completed my Bachelor of Science (B.Sc Engg.) and Master of Science (M.Sc Engg.) from a reputed university. ","skills":["C","C++","Java"],"social":[{"name":"Instagram","url":"https://instagram.com/instagram"},{"name":"Twitter","url":"https://twitter.com/twitter"},{"name":"Website","url":"https://funycode.com"}],"thumbnail":{"__typename":"ImageSharp","ImageSharp_small":{"layout":"fixed","placeholder":{"fallback":"data:image/svg+xml,%3csvg%20xmlns='http://www.w3.org/2000/svg'%20width='48'%20height='48'%20viewBox='0%200%2048%2048'%20preserveAspectRatio='none'%3e%3cpath%20d='M15%203c-3%203-5%209-4%2013%201%201%200%203-1%205-3%204-2%2010%201%2010l3%201%202%201%202%201h6v-3c1-3-2-10-4-12-3-3-3-6-1-6l3-1c1-4%208-8%2010-7%205%203%205%2014%201%2018-2%201-4%207-2%205l1%201v2h1l2%203c1%202%202%203%204%201s2-4%200-8c-1-3-1-3%201-6%203-4%202-7-2-17l-2-4h-9C17%200%2017%200%2015%203'%20fill='%23d3d3d3'%20fill-rule='evenodd'/%3e%3c/svg%3e"},"images":{"fallback":{"src":"/static/ec552a7c1f96030de0601b3b204b16cf/a7a66/jane-smith.png","srcSet":"/static/ec552a7c1f96030de0601b3b204b16cf/a7a66/jane-smith.png 48w,\n/static/ec552a7c1f96030de0601b3b204b16cf/416a0/jane-smith.png 96w","sizes":"48px"},"sources":[{"srcSet":"/static/ec552a7c1f96030de0601b3b204b16cf/a3542/jane-smith.webp 48w,\n/static/ec552a7c1f96030de0601b3b204b16cf/0f66d/jane-smith.webp 96w","type":"image/webp","sizes":"48px"}]},"width":48,"height":48},"ImageSharp_regular":{"layout":"fixed","placeholder":{"fallback":"data:image/svg+xml,%3csvg%20xmlns='http://www.w3.org/2000/svg'%20width='150'%20height='150'%20viewBox='0%200%20150%20150'%20preserveAspectRatio='none'%3e%3cpath%20d='M49%206a49%2049%200%2000-12%2047l1%204-4%205c-9%2011-12%2021-7%2028l3%204-4%205c-7%2010-18%2040-18%2049%200%204%202%202%203-3%204-18%2010-33%2016-43%204-6%205-6%208-5%202%200%205%201%207%203l8%204c5%200%207%201%207%205%200%202%201%203%202%202h7c6%200%207-1%208-4l2-4%205%202%205%203-1%2021%201%2021c1%200%202-5%202-18%200-10%200-11%202-11l2-1-3-1c-2%200-2%200-2-6s0-7%202-8l1-1%204-9%203-9%202%203%204%205%201%202c-2%200-13%207-13%208l7-3%205-3%204%202c4%202%205%203%202%205-2%202%200%204%204%206s8%200%2011-4l2-1a12325%2012325%200%200011%2042c0%202%203%203%203%201a349%20349%200%2000-12-52c-1-5-1-7-3-10-7-12-7-13%201-22%207-8%207-11%203-25-5-17-12-34-16-38-2-2-3-2-31-2H54l-5%206m44%2010l-10%206c-11%205-17%2011-17%2018%200%205-1%205-4%202s-6-3-6%200c0%202%201%203%203%204l2%202h-3c-2-3-3-2-3%202%200%203%200%204%202%204%201%200%203%201%204%204l6%208c4%205%207%2013%207%2018%200%202%202%205%206%209%205%205%206%208%204%208l-5-5c-3-3-4-4-4-2%200%204%201%206%206%209l5%202%206-11c5-10%205-11%204-14-1-2-2-3-5-3-4-1-11-4-10-5l4%201c17%207%2028-7%2026-30%200-9-1-10-7-11l-3-2c0-2%206-1%208%202%202%201%202%201%202-2%200-10-12-19-18-14'%20fill='%23d3d3d3'%20fill-rule='evenodd'/%3e%3c/svg%3e"},"images":{"fallback":{"src":"/static/ec552a7c1f96030de0601b3b204b16cf/46e60/jane-smith.png","srcSet":"/static/ec552a7c1f96030de0601b3b204b16cf/46e60/jane-smith.png 150w,\n/static/ec552a7c1f96030de0601b3b204b16cf/d612b/jane-smith.png 300w","sizes":"150px"},"sources":[{"srcSet":"/static/ec552a7c1f96030de0601b3b204b16cf/ae23d/jane-smith.webp 150w,\n/static/ec552a7c1f96030de0601b3b204b16cf/bd37b/jane-smith.webp 300w","type":"image/webp","sizes":"150px"}]},"width":150,"height":150}}},"thumbnail":null},{"id":"c0dea6a3-ce37-5f5b-8cfe-f1bbf77b3a25","title":"Types of Programming Language","slug":"/types-of-programming-language/","link":null,"excerpt":"Definition of Program Program is a set of instruction that are used to perm particular task or\nA…","timeToRead":4,"featured":null,"thumbnailText":"C Programming Tutorial-2","date":"March 30, 2021","category":{"id":"73bc19ff-ceb3-55f8-ab6a-9733577b86c2","name":"Basic C Tutorial","slug":"/category/basic-c-tutorial/","color":"#2965F1","icon":"/static/580ee73ec52221383f3da4f5dad0af3d/c.svg"},"author":{"id":"c49404e5-e8af-516b-8308-bed2b3045b2a","name":"Anonymous","slug":"/author/anonymous/","title":"Assistant Professor","description":"I am a programmer and I like to do programming. I have completed my Bachelor of Science (B.Sc Engg.) and Master of Science (M.Sc Engg.) from a reputed university. ","skills":["C","C++","Java"],"social":[{"name":"Instagram","url":"https://instagram.com/instagram"},{"name":"Twitter","url":"https://twitter.com/twitter"},{"name":"Website","url":"https://funycode.com"}],"thumbnail":{"__typename":"ImageSharp","ImageSharp_small":{"layout":"fixed","placeholder":{"fallback":"data:image/svg+xml,%3csvg%20xmlns='http://www.w3.org/2000/svg'%20width='48'%20height='48'%20viewBox='0%200%2048%2048'%20preserveAspectRatio='none'%3e%3cpath%20d='M15%203c-3%203-5%209-4%2013%201%201%200%203-1%205-3%204-2%2010%201%2010l3%201%202%201%202%201h6v-3c1-3-2-10-4-12-3-3-3-6-1-6l3-1c1-4%208-8%2010-7%205%203%205%2014%201%2018-2%201-4%207-2%205l1%201v2h1l2%203c1%202%202%203%204%201s2-4%200-8c-1-3-1-3%201-6%203-4%202-7-2-17l-2-4h-9C17%200%2017%200%2015%203'%20fill='%23d3d3d3'%20fill-rule='evenodd'/%3e%3c/svg%3e"},"images":{"fallback":{"src":"/static/ec552a7c1f96030de0601b3b204b16cf/a7a66/jane-smith.png","srcSet":"/static/ec552a7c1f96030de0601b3b204b16cf/a7a66/jane-smith.png 48w,\n/static/ec552a7c1f96030de0601b3b204b16cf/416a0/jane-smith.png 96w","sizes":"48px"},"sources":[{"srcSet":"/static/ec552a7c1f96030de0601b3b204b16cf/a3542/jane-smith.webp 48w,\n/static/ec552a7c1f96030de0601b3b204b16cf/0f66d/jane-smith.webp 96w","type":"image/webp","sizes":"48px"}]},"width":48,"height":48},"ImageSharp_regular":{"layout":"fixed","placeholder":{"fallback":"data:image/svg+xml,%3csvg%20xmlns='http://www.w3.org/2000/svg'%20width='150'%20height='150'%20viewBox='0%200%20150%20150'%20preserveAspectRatio='none'%3e%3cpath%20d='M49%206a49%2049%200%2000-12%2047l1%204-4%205c-9%2011-12%2021-7%2028l3%204-4%205c-7%2010-18%2040-18%2049%200%204%202%202%203-3%204-18%2010-33%2016-43%204-6%205-6%208-5%202%200%205%201%207%203l8%204c5%200%207%201%207%205%200%202%201%203%202%202h7c6%200%207-1%208-4l2-4%205%202%205%203-1%2021%201%2021c1%200%202-5%202-18%200-10%200-11%202-11l2-1-3-1c-2%200-2%200-2-6s0-7%202-8l1-1%204-9%203-9%202%203%204%205%201%202c-2%200-13%207-13%208l7-3%205-3%204%202c4%202%205%203%202%205-2%202%200%204%204%206s8%200%2011-4l2-1a12325%2012325%200%200011%2042c0%202%203%203%203%201a349%20349%200%2000-12-52c-1-5-1-7-3-10-7-12-7-13%201-22%207-8%207-11%203-25-5-17-12-34-16-38-2-2-3-2-31-2H54l-5%206m44%2010l-10%206c-11%205-17%2011-17%2018%200%205-1%205-4%202s-6-3-6%200c0%202%201%203%203%204l2%202h-3c-2-3-3-2-3%202%200%203%200%204%202%204%201%200%203%201%204%204l6%208c4%205%207%2013%207%2018%200%202%202%205%206%209%205%205%206%208%204%208l-5-5c-3-3-4-4-4-2%200%204%201%206%206%209l5%202%206-11c5-10%205-11%204-14-1-2-2-3-5-3-4-1-11-4-10-5l4%201c17%207%2028-7%2026-30%200-9-1-10-7-11l-3-2c0-2%206-1%208%202%202%201%202%201%202-2%200-10-12-19-18-14'%20fill='%23d3d3d3'%20fill-rule='evenodd'/%3e%3c/svg%3e"},"images":{"fallback":{"src":"/static/ec552a7c1f96030de0601b3b204b16cf/46e60/jane-smith.png","srcSet":"/static/ec552a7c1f96030de0601b3b204b16cf/46e60/jane-smith.png 150w,\n/static/ec552a7c1f96030de0601b3b204b16cf/d612b/jane-smith.png 300w","sizes":"150px"},"sources":[{"srcSet":"/static/ec552a7c1f96030de0601b3b204b16cf/ae23d/jane-smith.webp 150w,\n/static/ec552a7c1f96030de0601b3b204b16cf/bd37b/jane-smith.webp 300w","type":"image/webp","sizes":"150px"}]},"width":150,"height":150}}},"thumbnail":null},{"id":"f2e24eb1-fd6e-5dfb-a511-bafcc7342318","title":"History of C Programming Language","slug":"/history-of-c-programming-language/","link":null,"excerpt":"History of C Programming Language The C programming language was devised in the early 1970s as a…","timeToRead":2,"featured":null,"thumbnailText":"C Programming Tutorial-3","date":"March 29, 2021","category":{"id":"73bc19ff-ceb3-55f8-ab6a-9733577b86c2","name":"Basic C Tutorial","slug":"/category/basic-c-tutorial/","color":"#2965F1","icon":"/static/580ee73ec52221383f3da4f5dad0af3d/c.svg"},"author":{"id":"c49404e5-e8af-516b-8308-bed2b3045b2a","name":"Anonymous","slug":"/author/anonymous/","title":"Assistant Professor","description":"I am a programmer and I like to do programming. I have completed my Bachelor of Science (B.Sc Engg.) and Master of Science (M.Sc Engg.) from a reputed university. ","skills":["C","C++","Java"],"social":[{"name":"Instagram","url":"https://instagram.com/instagram"},{"name":"Twitter","url":"https://twitter.com/twitter"},{"name":"Website","url":"https://funycode.com"}],"thumbnail":{"__typename":"ImageSharp","ImageSharp_small":{"layout":"fixed","placeholder":{"fallback":"data:image/svg+xml,%3csvg%20xmlns='http://www.w3.org/2000/svg'%20width='48'%20height='48'%20viewBox='0%200%2048%2048'%20preserveAspectRatio='none'%3e%3cpath%20d='M15%203c-3%203-5%209-4%2013%201%201%200%203-1%205-3%204-2%2010%201%2010l3%201%202%201%202%201h6v-3c1-3-2-10-4-12-3-3-3-6-1-6l3-1c1-4%208-8%2010-7%205%203%205%2014%201%2018-2%201-4%207-2%205l1%201v2h1l2%203c1%202%202%203%204%201s2-4%200-8c-1-3-1-3%201-6%203-4%202-7-2-17l-2-4h-9C17%200%2017%200%2015%203'%20fill='%23d3d3d3'%20fill-rule='evenodd'/%3e%3c/svg%3e"},"images":{"fallback":{"src":"/static/ec552a7c1f96030de0601b3b204b16cf/a7a66/jane-smith.png","srcSet":"/static/ec552a7c1f96030de0601b3b204b16cf/a7a66/jane-smith.png 48w,\n/static/ec552a7c1f96030de0601b3b204b16cf/416a0/jane-smith.png 96w","sizes":"48px"},"sources":[{"srcSet":"/static/ec552a7c1f96030de0601b3b204b16cf/a3542/jane-smith.webp 48w,\n/static/ec552a7c1f96030de0601b3b204b16cf/0f66d/jane-smith.webp 96w","type":"image/webp","sizes":"48px"}]},"width":48,"height":48},"ImageSharp_regular":{"layout":"fixed","placeholder":{"fallback":"data:image/svg+xml,%3csvg%20xmlns='http://www.w3.org/2000/svg'%20width='150'%20height='150'%20viewBox='0%200%20150%20150'%20preserveAspectRatio='none'%3e%3cpath%20d='M49%206a49%2049%200%2000-12%2047l1%204-4%205c-9%2011-12%2021-7%2028l3%204-4%205c-7%2010-18%2040-18%2049%200%204%202%202%203-3%204-18%2010-33%2016-43%204-6%205-6%208-5%202%200%205%201%207%203l8%204c5%200%207%201%207%205%200%202%201%203%202%202h7c6%200%207-1%208-4l2-4%205%202%205%203-1%2021%201%2021c1%200%202-5%202-18%200-10%200-11%202-11l2-1-3-1c-2%200-2%200-2-6s0-7%202-8l1-1%204-9%203-9%202%203%204%205%201%202c-2%200-13%207-13%208l7-3%205-3%204%202c4%202%205%203%202%205-2%202%200%204%204%206s8%200%2011-4l2-1a12325%2012325%200%200011%2042c0%202%203%203%203%201a349%20349%200%2000-12-52c-1-5-1-7-3-10-7-12-7-13%201-22%207-8%207-11%203-25-5-17-12-34-16-38-2-2-3-2-31-2H54l-5%206m44%2010l-10%206c-11%205-17%2011-17%2018%200%205-1%205-4%202s-6-3-6%200c0%202%201%203%203%204l2%202h-3c-2-3-3-2-3%202%200%203%200%204%202%204%201%200%203%201%204%204l6%208c4%205%207%2013%207%2018%200%202%202%205%206%209%205%205%206%208%204%208l-5-5c-3-3-4-4-4-2%200%204%201%206%206%209l5%202%206-11c5-10%205-11%204-14-1-2-2-3-5-3-4-1-11-4-10-5l4%201c17%207%2028-7%2026-30%200-9-1-10-7-11l-3-2c0-2%206-1%208%202%202%201%202%201%202-2%200-10-12-19-18-14'%20fill='%23d3d3d3'%20fill-rule='evenodd'/%3e%3c/svg%3e"},"images":{"fallback":{"src":"/static/ec552a7c1f96030de0601b3b204b16cf/46e60/jane-smith.png","srcSet":"/static/ec552a7c1f96030de0601b3b204b16cf/46e60/jane-smith.png 150w,\n/static/ec552a7c1f96030de0601b3b204b16cf/d612b/jane-smith.png 300w","sizes":"150px"},"sources":[{"srcSet":"/static/ec552a7c1f96030de0601b3b204b16cf/ae23d/jane-smith.webp 150w,\n/static/ec552a7c1f96030de0601b3b204b16cf/bd37b/jane-smith.webp 300w","type":"image/webp","sizes":"150px"}]},"width":150,"height":150}}},"thumbnail":null},{"id":"464b9e97-3404-5512-8414-3d29533d7585","title":"Character Set in C","slug":"/character-set-in-c/","link":null,"excerpt":"Character Set in C The set of characters that may appear in a legal C program is called the…","timeToRead":1,"featured":null,"thumbnailText":"C Programming Tutorial-4","date":"March 28, 2021","category":{"id":"73bc19ff-ceb3-55f8-ab6a-9733577b86c2","name":"Basic C Tutorial","slug":"/category/basic-c-tutorial/","color":"#2965F1","icon":"/static/580ee73ec52221383f3da4f5dad0af3d/c.svg"},"author":{"id":"c49404e5-e8af-516b-8308-bed2b3045b2a","name":"Anonymous","slug":"/author/anonymous/","title":"Assistant Professor","description":"I am a programmer and I like to do programming. I have completed my Bachelor of Science (B.Sc Engg.) and Master of Science (M.Sc Engg.) from a reputed university. ","skills":["C","C++","Java"],"social":[{"name":"Instagram","url":"https://instagram.com/instagram"},{"name":"Twitter","url":"https://twitter.com/twitter"},{"name":"Website","url":"https://funycode.com"}],"thumbnail":{"__typename":"ImageSharp","ImageSharp_small":{"layout":"fixed","placeholder":{"fallback":"data:image/svg+xml,%3csvg%20xmlns='http://www.w3.org/2000/svg'%20width='48'%20height='48'%20viewBox='0%200%2048%2048'%20preserveAspectRatio='none'%3e%3cpath%20d='M15%203c-3%203-5%209-4%2013%201%201%200%203-1%205-3%204-2%2010%201%2010l3%201%202%201%202%201h6v-3c1-3-2-10-4-12-3-3-3-6-1-6l3-1c1-4%208-8%2010-7%205%203%205%2014%201%2018-2%201-4%207-2%205l1%201v2h1l2%203c1%202%202%203%204%201s2-4%200-8c-1-3-1-3%201-6%203-4%202-7-2-17l-2-4h-9C17%200%2017%200%2015%203'%20fill='%23d3d3d3'%20fill-rule='evenodd'/%3e%3c/svg%3e"},"images":{"fallback":{"src":"/static/ec552a7c1f96030de0601b3b204b16cf/a7a66/jane-smith.png","srcSet":"/static/ec552a7c1f96030de0601b3b204b16cf/a7a66/jane-smith.png 48w,\n/static/ec552a7c1f96030de0601b3b204b16cf/416a0/jane-smith.png 96w","sizes":"48px"},"sources":[{"srcSet":"/static/ec552a7c1f96030de0601b3b204b16cf/a3542/jane-smith.webp 48w,\n/static/ec552a7c1f96030de0601b3b204b16cf/0f66d/jane-smith.webp 96w","type":"image/webp","sizes":"48px"}]},"width":48,"height":48},"ImageSharp_regular":{"layout":"fixed","placeholder":{"fallback":"data:image/svg+xml,%3csvg%20xmlns='http://www.w3.org/2000/svg'%20width='150'%20height='150'%20viewBox='0%200%20150%20150'%20preserveAspectRatio='none'%3e%3cpath%20d='M49%206a49%2049%200%2000-12%2047l1%204-4%205c-9%2011-12%2021-7%2028l3%204-4%205c-7%2010-18%2040-18%2049%200%204%202%202%203-3%204-18%2010-33%2016-43%204-6%205-6%208-5%202%200%205%201%207%203l8%204c5%200%207%201%207%205%200%202%201%203%202%202h7c6%200%207-1%208-4l2-4%205%202%205%203-1%2021%201%2021c1%200%202-5%202-18%200-10%200-11%202-11l2-1-3-1c-2%200-2%200-2-6s0-7%202-8l1-1%204-9%203-9%202%203%204%205%201%202c-2%200-13%207-13%208l7-3%205-3%204%202c4%202%205%203%202%205-2%202%200%204%204%206s8%200%2011-4l2-1a12325%2012325%200%200011%2042c0%202%203%203%203%201a349%20349%200%2000-12-52c-1-5-1-7-3-10-7-12-7-13%201-22%207-8%207-11%203-25-5-17-12-34-16-38-2-2-3-2-31-2H54l-5%206m44%2010l-10%206c-11%205-17%2011-17%2018%200%205-1%205-4%202s-6-3-6%200c0%202%201%203%203%204l2%202h-3c-2-3-3-2-3%202%200%203%200%204%202%204%201%200%203%201%204%204l6%208c4%205%207%2013%207%2018%200%202%202%205%206%209%205%205%206%208%204%208l-5-5c-3-3-4-4-4-2%200%204%201%206%206%209l5%202%206-11c5-10%205-11%204-14-1-2-2-3-5-3-4-1-11-4-10-5l4%201c17%207%2028-7%2026-30%200-9-1-10-7-11l-3-2c0-2%206-1%208%202%202%201%202%201%202-2%200-10-12-19-18-14'%20fill='%23d3d3d3'%20fill-rule='evenodd'/%3e%3c/svg%3e"},"images":{"fallback":{"src":"/static/ec552a7c1f96030de0601b3b204b16cf/46e60/jane-smith.png","srcSet":"/static/ec552a7c1f96030de0601b3b204b16cf/46e60/jane-smith.png 150w,\n/static/ec552a7c1f96030de0601b3b204b16cf/d612b/jane-smith.png 300w","sizes":"150px"},"sources":[{"srcSet":"/static/ec552a7c1f96030de0601b3b204b16cf/ae23d/jane-smith.webp 150w,\n/static/ec552a7c1f96030de0601b3b204b16cf/bd37b/jane-smith.webp 300w","type":"image/webp","sizes":"150px"}]},"width":150,"height":150}}},"thumbnail":null},{"id":"bf9330e9-9fed-5576-9427-294d7c565600","title":"Identifier Set in C","slug":"/identifier-set-in-c/","link":null,"excerpt":"Identifier in C An identifier is a sequence of characters that represents a name for the  variable…","timeToRead":2,"featured":null,"thumbnailText":"C Programming Tutorial-5","date":"March 27, 2021","category":{"id":"73bc19ff-ceb3-55f8-ab6a-9733577b86c2","name":"Basic C Tutorial","slug":"/category/basic-c-tutorial/","color":"#2965F1","icon":"/static/580ee73ec52221383f3da4f5dad0af3d/c.svg"},"author":{"id":"c49404e5-e8af-516b-8308-bed2b3045b2a","name":"Anonymous","slug":"/author/anonymous/","title":"Assistant Professor","description":"I am a programmer and I like to do programming. I have completed my Bachelor of Science (B.Sc Engg.) and Master of Science (M.Sc Engg.) from a reputed university. ","skills":["C","C++","Java"],"social":[{"name":"Instagram","url":"https://instagram.com/instagram"},{"name":"Twitter","url":"https://twitter.com/twitter"},{"name":"Website","url":"https://funycode.com"}],"thumbnail":{"__typename":"ImageSharp","ImageSharp_small":{"layout":"fixed","placeholder":{"fallback":"data:image/svg+xml,%3csvg%20xmlns='http://www.w3.org/2000/svg'%20width='48'%20height='48'%20viewBox='0%200%2048%2048'%20preserveAspectRatio='none'%3e%3cpath%20d='M15%203c-3%203-5%209-4%2013%201%201%200%203-1%205-3%204-2%2010%201%2010l3%201%202%201%202%201h6v-3c1-3-2-10-4-12-3-3-3-6-1-6l3-1c1-4%208-8%2010-7%205%203%205%2014%201%2018-2%201-4%207-2%205l1%201v2h1l2%203c1%202%202%203%204%201s2-4%200-8c-1-3-1-3%201-6%203-4%202-7-2-17l-2-4h-9C17%200%2017%200%2015%203'%20fill='%23d3d3d3'%20fill-rule='evenodd'/%3e%3c/svg%3e"},"images":{"fallback":{"src":"/static/ec552a7c1f96030de0601b3b204b16cf/a7a66/jane-smith.png","srcSet":"/static/ec552a7c1f96030de0601b3b204b16cf/a7a66/jane-smith.png 48w,\n/static/ec552a7c1f96030de0601b3b204b16cf/416a0/jane-smith.png 96w","sizes":"48px"},"sources":[{"srcSet":"/static/ec552a7c1f96030de0601b3b204b16cf/a3542/jane-smith.webp 48w,\n/static/ec552a7c1f96030de0601b3b204b16cf/0f66d/jane-smith.webp 96w","type":"image/webp","sizes":"48px"}]},"width":48,"height":48},"ImageSharp_regular":{"layout":"fixed","placeholder":{"fallback":"data:image/svg+xml,%3csvg%20xmlns='http://www.w3.org/2000/svg'%20width='150'%20height='150'%20viewBox='0%200%20150%20150'%20preserveAspectRatio='none'%3e%3cpath%20d='M49%206a49%2049%200%2000-12%2047l1%204-4%205c-9%2011-12%2021-7%2028l3%204-4%205c-7%2010-18%2040-18%2049%200%204%202%202%203-3%204-18%2010-33%2016-43%204-6%205-6%208-5%202%200%205%201%207%203l8%204c5%200%207%201%207%205%200%202%201%203%202%202h7c6%200%207-1%208-4l2-4%205%202%205%203-1%2021%201%2021c1%200%202-5%202-18%200-10%200-11%202-11l2-1-3-1c-2%200-2%200-2-6s0-7%202-8l1-1%204-9%203-9%202%203%204%205%201%202c-2%200-13%207-13%208l7-3%205-3%204%202c4%202%205%203%202%205-2%202%200%204%204%206s8%200%2011-4l2-1a12325%2012325%200%200011%2042c0%202%203%203%203%201a349%20349%200%2000-12-52c-1-5-1-7-3-10-7-12-7-13%201-22%207-8%207-11%203-25-5-17-12-34-16-38-2-2-3-2-31-2H54l-5%206m44%2010l-10%206c-11%205-17%2011-17%2018%200%205-1%205-4%202s-6-3-6%200c0%202%201%203%203%204l2%202h-3c-2-3-3-2-3%202%200%203%200%204%202%204%201%200%203%201%204%204l6%208c4%205%207%2013%207%2018%200%202%202%205%206%209%205%205%206%208%204%208l-5-5c-3-3-4-4-4-2%200%204%201%206%206%209l5%202%206-11c5-10%205-11%204-14-1-2-2-3-5-3-4-1-11-4-10-5l4%201c17%207%2028-7%2026-30%200-9-1-10-7-11l-3-2c0-2%206-1%208%202%202%201%202%201%202-2%200-10-12-19-18-14'%20fill='%23d3d3d3'%20fill-rule='evenodd'/%3e%3c/svg%3e"},"images":{"fallback":{"src":"/static/ec552a7c1f96030de0601b3b204b16cf/46e60/jane-smith.png","srcSet":"/static/ec552a7c1f96030de0601b3b204b16cf/46e60/jane-smith.png 150w,\n/static/ec552a7c1f96030de0601b3b204b16cf/d612b/jane-smith.png 300w","sizes":"150px"},"sources":[{"srcSet":"/static/ec552a7c1f96030de0601b3b204b16cf/ae23d/jane-smith.webp 150w,\n/static/ec552a7c1f96030de0601b3b204b16cf/bd37b/jane-smith.webp 300w","type":"image/webp","sizes":"150px"}]},"width":150,"height":150}}},"thumbnail":null},{"id":"03ab3e01-5ad3-5035-bd7c-27324264567d","title":"Constant in C","slug":"/constant-in-c/","link":null,"excerpt":"Constant in C A constant is an entity whose value does not change during program execution…","timeToRead":3,"featured":null,"thumbnailText":"C Programming Tutorial-6","date":"March 26, 2021","category":{"id":"73bc19ff-ceb3-55f8-ab6a-9733577b86c2","name":"Basic C Tutorial","slug":"/category/basic-c-tutorial/","color":"#2965F1","icon":"/static/580ee73ec52221383f3da4f5dad0af3d/c.svg"},"author":{"id":"c49404e5-e8af-516b-8308-bed2b3045b2a","name":"Anonymous","slug":"/author/anonymous/","title":"Assistant Professor","description":"I am a programmer and I like to do programming. I have completed my Bachelor of Science (B.Sc Engg.) and Master of Science (M.Sc Engg.) from a reputed university. ","skills":["C","C++","Java"],"social":[{"name":"Instagram","url":"https://instagram.com/instagram"},{"name":"Twitter","url":"https://twitter.com/twitter"},{"name":"Website","url":"https://funycode.com"}],"thumbnail":{"__typename":"ImageSharp","ImageSharp_small":{"layout":"fixed","placeholder":{"fallback":"data:image/svg+xml,%3csvg%20xmlns='http://www.w3.org/2000/svg'%20width='48'%20height='48'%20viewBox='0%200%2048%2048'%20preserveAspectRatio='none'%3e%3cpath%20d='M15%203c-3%203-5%209-4%2013%201%201%200%203-1%205-3%204-2%2010%201%2010l3%201%202%201%202%201h6v-3c1-3-2-10-4-12-3-3-3-6-1-6l3-1c1-4%208-8%2010-7%205%203%205%2014%201%2018-2%201-4%207-2%205l1%201v2h1l2%203c1%202%202%203%204%201s2-4%200-8c-1-3-1-3%201-6%203-4%202-7-2-17l-2-4h-9C17%200%2017%200%2015%203'%20fill='%23d3d3d3'%20fill-rule='evenodd'/%3e%3c/svg%3e"},"images":{"fallback":{"src":"/static/ec552a7c1f96030de0601b3b204b16cf/a7a66/jane-smith.png","srcSet":"/static/ec552a7c1f96030de0601b3b204b16cf/a7a66/jane-smith.png 48w,\n/static/ec552a7c1f96030de0601b3b204b16cf/416a0/jane-smith.png 96w","sizes":"48px"},"sources":[{"srcSet":"/static/ec552a7c1f96030de0601b3b204b16cf/a3542/jane-smith.webp 48w,\n/static/ec552a7c1f96030de0601b3b204b16cf/0f66d/jane-smith.webp 96w","type":"image/webp","sizes":"48px"}]},"width":48,"height":48},"ImageSharp_regular":{"layout":"fixed","placeholder":{"fallback":"data:image/svg+xml,%3csvg%20xmlns='http://www.w3.org/2000/svg'%20width='150'%20height='150'%20viewBox='0%200%20150%20150'%20preserveAspectRatio='none'%3e%3cpath%20d='M49%206a49%2049%200%2000-12%2047l1%204-4%205c-9%2011-12%2021-7%2028l3%204-4%205c-7%2010-18%2040-18%2049%200%204%202%202%203-3%204-18%2010-33%2016-43%204-6%205-6%208-5%202%200%205%201%207%203l8%204c5%200%207%201%207%205%200%202%201%203%202%202h7c6%200%207-1%208-4l2-4%205%202%205%203-1%2021%201%2021c1%200%202-5%202-18%200-10%200-11%202-11l2-1-3-1c-2%200-2%200-2-6s0-7%202-8l1-1%204-9%203-9%202%203%204%205%201%202c-2%200-13%207-13%208l7-3%205-3%204%202c4%202%205%203%202%205-2%202%200%204%204%206s8%200%2011-4l2-1a12325%2012325%200%200011%2042c0%202%203%203%203%201a349%20349%200%2000-12-52c-1-5-1-7-3-10-7-12-7-13%201-22%207-8%207-11%203-25-5-17-12-34-16-38-2-2-3-2-31-2H54l-5%206m44%2010l-10%206c-11%205-17%2011-17%2018%200%205-1%205-4%202s-6-3-6%200c0%202%201%203%203%204l2%202h-3c-2-3-3-2-3%202%200%203%200%204%202%204%201%200%203%201%204%204l6%208c4%205%207%2013%207%2018%200%202%202%205%206%209%205%205%206%208%204%208l-5-5c-3-3-4-4-4-2%200%204%201%206%206%209l5%202%206-11c5-10%205-11%204-14-1-2-2-3-5-3-4-1-11-4-10-5l4%201c17%207%2028-7%2026-30%200-9-1-10-7-11l-3-2c0-2%206-1%208%202%202%201%202%201%202-2%200-10-12-19-18-14'%20fill='%23d3d3d3'%20fill-rule='evenodd'/%3e%3c/svg%3e"},"images":{"fallback":{"src":"/static/ec552a7c1f96030de0601b3b204b16cf/46e60/jane-smith.png","srcSet":"/static/ec552a7c1f96030de0601b3b204b16cf/46e60/jane-smith.png 150w,\n/static/ec552a7c1f96030de0601b3b204b16cf/d612b/jane-smith.png 300w","sizes":"150px"},"sources":[{"srcSet":"/static/ec552a7c1f96030de0601b3b204b16cf/ae23d/jane-smith.webp 150w,\n/static/ec552a7c1f96030de0601b3b204b16cf/bd37b/jane-smith.webp 300w","type":"image/webp","sizes":"150px"}]},"width":150,"height":150}}},"thumbnail":null}]}}}