{"data":{"site":{"siteMetadata":{"title":"Funycode","name":"Funycode","description":"My site description...","address":"Dhaka, Bangladesh","email":"ictshamim@yahoo.com","phone":"+88010101010","headerMenu":[{"name":"Home","slug":"/"},{"name":"C Programming","slug":"/category/basic-c-tutorial/"},{"name":"C++","slug":"/category/cplusplus-tutorial/"},{"name":"Java","slug":"/category/java-tutorial/"},{"name":"Programming Exercise","slug":"/category/programming-exercise/"}],"footerMenu":[{"title":"Quick Links","items":[{"name":"Home","slug":"/"},{"name":"C Programming","slug":"/category/basic-c-tutorial/"},{"name":"C++","slug":"/category/cplusplus-tutorial/"}]},{"title":"Join Us","items":[{"name":"Advertise with us","slug":"/contact"},{"name":"About Us","slug":"/aboutUs"},{"name":"Contact Us","slug":"/contact"}]},{"title":"Legal Stuff","items":[{"name":"Privacy Notice","slug":"/privacy-policy"},{"name":"Disclaimer","slug":"/disclaimer"},{"name":"Terms Of Use","slug":"/terms-and-conditions"}]}],"social":[{"name":"Facebook","url":"https://facebook.com/Funycode/?notif_id=1627274271611640&notif_t=page_fan&ref=notif"},{"name":"Twitter","url":"https://twitter.com/"},{"name":"Instagram","url":"https://www.instagram.com/"}]}}}}