{"data":{"allArticleTag":{"nodes":[{"id":"95a9514f-ae3a-568f-9da9-1a62da86e911","name":"#c","slug":"/tag/c/"},{"id":"70f9a057-09ee-57c8-a813-6bb46cc3c9fb","name":"#tutorial","slug":"/tag/tutorial/"},{"id":"74d14dde-ff1b-5a6a-8bc6-a8eb948cedb7","name":"#Assembly Language","slug":"/tag/assembly-language/"},{"id":"36d26e91-5d7d-5e58-a96e-2d9d13e40e41","name":"#C++","slug":"/tag/c/"},{"id":"7bd50ff2-bc6d-5ecb-9fe5-ea02079092bf","name":"#java","slug":"/tag/java/"},{"id":"1d5b07d7-465c-518f-bec6-d914c861e363","name":"array","slug":"/tag/array/"},{"id":"a149a3bc-97d0-5d49-aeb5-57aa539b5c16","name":"Assembly Language","slug":"/tag/assembly-language/"},{"id":"8c132017-67aa-51f4-86c8-b8243119507e","name":"basic","slug":"/tag/basic/"},{"id":"f3e7002b-84e1-5ec9-bd8b-63bf967073d3","name":"file","slug":"/tag/file/"},{"id":"0a0ad895-ebbc-5d37-83e5-3e582577ff8e","name":"function","slug":"/tag/function/"},{"id":"88a4a36b-88c7-5450-8c65-e5ae10584949","name":"if-else","slug":"/tag/if-else/"},{"id":"3f74279d-97df-5e8c-9038-1b15d858a808","name":"#c++","slug":"/tag/c/"},{"id":"35aaee21-5ccc-533f-9f31-09ebd08e1532","name":"loop","slug":"/tag/loop/"},{"id":"7ab2eadb-1a3f-59d7-83c7-9776448f31db","name":"pointer","slug":"/tag/pointer/"},{"id":"1e997b65-8771-52f6-8225-206a5439b354","name":"recursion","slug":"/tag/recursion/"},{"id":"6dced3f7-ef6b-540c-b7c9-3bb7ef898866","name":"string","slug":"/tag/string/"},{"id":"1b8c5cc1-6132-54f2-a476-fd96d164cd05","name":"structure","slug":"/tag/structure/"},{"id":"12a20aae-93d4-5489-83ff-c12a6d5ff1ac","name":"switch","slug":"/tag/switch/"}]}}}