{"data":{"allArticleCategory":{"nodes":[{"id":"a72edfc3-5010-58f5-ba35-aab64e6bec31","name":"Assembly Language","slug":"/category/assembly-language/","color":"#663399","icon":"/static/580ee73ec52221383f3da4f5dad0af3d/assembly.svg"},{"id":"73bc19ff-ceb3-55f8-ab6a-9733577b86c2","name":"Basic C Tutorial","slug":"/category/basic-c-tutorial/","color":"#2965F1","icon":"/static/580ee73ec52221383f3da4f5dad0af3d/c.svg"},{"id":"a6e75b36-017a-5b8f-9c8a-c4c5f7abe482","name":"Cplusplus Tutorial","slug":"/category/cplusplus-tutorial/","color":"#663399","icon":"/static/a8b8d3d30642c89d56aa7c8ecf0da54a/cplusplus.svg"},{"id":"9966a8fc-b3c5-52e3-a035-d77e48df818b","name":"Programming Exercise","slug":"/category/programming-exercise/","color":"#4299e1","icon":"/static/728d91575489749d0a1c00b67e51d325/practice.svg"},{"id":"4c1dfcd5-abec-525f-a11d-f3173c592327","name":"Java Tutorial","slug":"/category/java-tutorial/","color":"#ecc94b","icon":"/static/fa3cbb7b0423f7a4df2e1a210fc83b8e/java.svg"},{"id":"eb1f6c4f-410c-55af-89e7-87e676717504","name":"Programming Exercise","slug":"/category/programming-exercise/","color":"#4299e1","icon":"/static/d8cf77403db1c802576acc37627ff00b/react.svg"}]}}}